Cumulative update name,Product version,Knowledge Base number,Release date
Azure Connect Pack + GDR,13.0.7050.2,KB5046856,"November 12, 2024"
Azure Connect Pack + GDR,13.0.7045.2,KB5046062,"October 08, 2024"
Azure Connect Pack + GDR,13.0.7040.1,KB5042209,"September 10, 2024"
Azure Connect Pack + GDR,13.0.7037.1,KB5040944,"July 09, 2024"
Azure Connect Pack + GDR,13.0.7029.3,KB5029187,"October 10, 2023"
Azure Connect Pack + GDR,13.0.7024.30,KB5021128,"February 14, 2023"
Azure Connect Pack + GDR,13.0.7016.1,KB5015371,"June 14, 2022"
Azure Connect Pack,13.0.7000.253,KB5014242,"May 19, 2022"
